CVE_ENT,NOM_ENT,CVE_MUN,NOM_MUN,CVE_SUN,NOM_SUN,P_2015,P_2016,P_2017,P_2018,P_2019,P_2020,P_2021,P_2022,P_2023,P_2024,P_2025,P_2026,P_2027,P_2028,P_2029,P_2030
01,Aguascalientes,01001,Aguascalientes,M01.01,Aguascalientes,894812,910036,923323,936373,949277,961977,974529,986919,999203,1011346,1023372,1035303,1047149,1058899,1070563,1082166
01,Aguascalientes,01005,Jesús María,M01.01,Aguascalientes,116550,119786,122630,125318,127835,130184,132340,134297,136045,137570,138855,139897,140677,141173,141368,141257
01,Aguascalientes,01011,San Francisco de los Romo,M01.01,Aguascalientes,44903,46474,47885,49211,50441,51568,52584,53467,54216,54823,55261,55536,55627,55525,55218,54690
02,Baja California,02001,Ensenada,M02.01,Ensenada,494282,501156,510093,518900,527584,536143,544568,552852,560983,568952,576751,584380,591830,599106,606204,613131
02,Baja California,02002,Mexicali,M02.02,Mexicali,1002808,1016212,1034059,1051870,1069676,1087478,1105279,1123056,1140795,1158483,1176106,1193648,1211102,1228458,1245707,1262856
02,Baja California,02003,Tecate,M02.03,Tijuana,105428,106808,108624,110402,112147,113857,115534,117180,118796,120380,121935,123461,124964,126433,127877,129303
02,Baja California,02004,Tijuana,M02.03,Tijuana,1657305,1679399,1708186,1736099,1763197,1789531,1815100,1839915,1863973,1887268,1909798,1931568,1952573,1972814,1992312,2011060
02,Baja California,02005,Playas de Rosarito,M02.03,Tijuana,97971,99760,101910,103971,105957,107859,109679,111412,113063,114622,116093,117464,118746,119932,121015,121999
03,Baja California Sur,03003,La Paz,M03.01,La Paz,277273,281907,286751,291685,296751,301961,307330,312859,318581,324508,330664,337053,343704,350650,357921,365534
04,Campeche,04002,Campeche,M04.01,Campeche,290268,295650,301162,306615,312045,317424,322756,328054,333316,338522,343715,348860,353977,359074,364128,369181
05,Coahuila de Zaragoza,05009,Francisco I. Madero,M05.01,La Laguna,59792,60677,61625,62578,63527,64483,65435,66380,67322,68252,69168,70067,70948,71808,72646,73454
05,Coahuila de Zaragoza,05017,Matamoros,M05.01,La Laguna,113075,114258,115549,116849,118161,119492,120851,122229,123643,125086,126561,128075,129627,131220,132860,134536
05,Coahuila de Zaragoza,05035,Torreón,M05.01,La Laguna,693423,703220,713596,723884,734103,744247,754337,764347,774273,784131,793902,803599,813199,822722,832161,841513
10,Durango,10007,Gómez Palacio,M05.01,La Laguna,353353,357319,360651,363821,366852,369760,372559,375262,377882,380433,382925,385367,387772,390149,392517,394880
10,Durango,10012,Lerdo,M05.01,La Laguna,155266,157550,159515,161372,163121,164763,166296,167723,169044,170257,171367,172364,173252,174024,174690,175226
05,Coahuila de Zaragoza,05006,Castaños,M05.02,Monclova-Frontera,28452,28855,29282,29712,30142,30568,30992,31412,31827,32237,32644,33043,33438,33829,34212,34585
05,Coahuila de Zaragoza,05010,Frontera,M05.02,Monclova-Frontera,82408,83452,84575,85697,86818,87942,89065,90189,91308,92426,93545,94659,95774,96891,98005,99126
05,Coahuila de Zaragoza,05018,Monclova,M05.02,Monclova-Frontera,236080,238885,241944,245036,248170,251346,254558,257813,261122,264473,267879,271341,274860,278448,282107,285846
05,Coahuila de Zaragoza,05031,San Buenaventura,M05.02,Monclova-Frontera,23998,24329,24695,25063,25440,25820,26204,26591,26985,27377,27770,28161,28555,28950,29344,29735
05,Coahuila de Zaragoza,05022,Nava,M05.03,Piedras Negras,30953,31394,31843,32278,32693,33101,33491,33870,34235,34585,34928,35260,35583,35893,36193,36483
05,Coahuila de Zaragoza,05025,Piedras Negras,M05.03,Piedras Negras,167162,169154,171246,173285,175285,177255,179190,181109,183008,184893,186779,188658,190548,192451,194376,196327
05,Coahuila de Zaragoza,05004,Arteaga,M05.04,Saltillo,23872,24171,24493,24819,25145,25477,25815,26158,26503,26856,27211,27575,27942,28315,28697,29081
05,Coahuila de Zaragoza,05027,Ramos Arizpe,M05.04,Saltillo,89431,92448,95406,98204,100825,103252,105455,107426,109143,110578,111721,112552,113046,113191,112963,112342
05,Coahuila de Zaragoza,05030,Saltillo,M05.04,Saltillo,802233,815860,829873,843421,856542,869184,881364,893059,904238,914907,925036,934587,943620,952050,959896,967176
06,Colima,06002,Colima,M06.01,Colima-Villa de Álvarez,157810,159924,162151,164432,166773,169188,171674,174249,176897,179642,182479,185429,188489,191667,194966,198405
06,Colima,06003,Comala,M06.01,Colima-Villa de Álvarez,22539,22787,23053,23326,23606,23902,24207,24527,24863,25213,25583,25971,26375,26806,27255,27728
06,Colima,06004,Coquimatlán,M06.01,Colima-Villa de Álvarez,20894,21126,21372,21629,21891,22167,22453,22754,23073,23402,23747,24110,24492,24892,25316,25759
06,Colima,06005,Cuauhtémoc,M06.01,Colima-Villa de Álvarez,30657,31046,31466,31906,32357,32829,33322,33828,34362,34914,35484,36077,36694,37334,38001,38694
06,Colima,06010,Villa de Álvarez,M06.01,Colima-Villa de Álvarez,136370,139614,142716,145650,148416,151019,153449,155697,157777,159674,161387,162905,164238,165388,166332,167071
06,Colima,06001,Armería,M06.02,Tecomán,30462,30794,31154,31535,31935,32363,32810,33282,33779,34299,34845,35419,36020,36650,37309,37991
06,Colima,06009,Tecomán,M06.02,Tecomán,124432,126507,128574,130621,132639,134631,136597,138532,140443,142323,144167,145984,147768,149527,151249,152938
07,Chiapas,07089,Tapachula,M07.01,Tapachula,355701,361374,367098,372829,378562,384312,390076,395851,401657,407490,413359,419263,425211,431207,437261,443372
07,Chiapas,07012,Berriozábal,M07.02,Tuxtla Gutiérrez,50239,51699,53106,54456,55751,56971,58123,59191,60172,61056,61840,62512,63069,63505,63813,63988
07,Chiapas,07027,Chiapa de Corzo,M07.02,Tuxtla Gutiérrez,100088,102440,104746,106979,109138,111223,113221,115134,116946,118659,120262,121753,123124,124370,125487,126465
07,Chiapas,07079,San Fernando,M07.02,Tuxtla Gutiérrez,38744,39625,40487,41327,42146,42939,43702,44435,45131,45791,46409,46985,47517,47996,48421,48802
07,Chiapas,07086,Suchiapa,M07.02,Tuxtla Gutiérrez,24050,24566,25072,25568,26044,26510,26952,27379,27792,28182,28550,28900,29225,29525,29801,30054
07,Chiapas,07101,Tuxtla Gutiérrez,M07.02,Tuxtla Gutiérrez,616266,625767,635183,644430,653552,662591,671619,680599,689576,698698,707823,717063,726468,736015,745852,755850
08,Chihuahua,08002,Aldama,M08.01,Chihuahua,24318,24672,25070,25461,25836,26197,26541,26870,27177,27458,27721,27952,28155,28332,28471,28581
08,Chihuahua,08004,Aquiles Serdán,M08.01,Chihuahua,16073,16726,17379,17988,18546,19050,19492,19860,20147,20348,20458,20471,20374,20161,19832,19383
08,Chihuahua,08019,Chihuahua,M08.01,Chihuahua,884809,897159,911097,924455,937233,949395,960898,971693,981759,991042,999492,1007087,1013778,1019520,1024322,1028134
08,Chihuahua,08021,Delicias,M08.02,Delicias,148719,150881,153338,155725,158026,160245,162365,164382,166273,168034,169654,171120,172428,173562,174523,175289
08,Chihuahua,08045,Meoqui,M08.02,Delicias,45919,46305,46789,47274,47759,48242,48732,49219,49709,50200,50697,51191,51681,52183,52685,53189
08,Chihuahua,08032,Hidalgo del Parral,M08.03,Hidalgo del Parral,112656,113419,114462,115501,116555,117624,118713,119813,120934,122079,123248,124438,125662,126907,128189,129502
08,Chihuahua,08059,San Francisco del Oro,M08.03,Hidalgo del Parral,5122,5166,5235,5318,5405,5502,5607,5720,5841,5959,6085,6213,6336,6469,6596,6726
08,Chihuahua,08037,Juárez,M08.04,Juárez,1416075,1424918,1436019,1446305,1455923,1464930,1473439,1481649,1489507,1497273,1504896,1512547,1520308,1528310,1536503,1544972
09,Distrito Federal,09002,Azcapotzalco,M09.01,Valle de México,417668,415389,413357,411503,409860,408441,407280,406387,405781,405476,405496,405852,406560,407643,409114,410990
09,Distrito Federal,09003,Coyoacán,M09.01,Valle de México,632512,630049,627775,625634,623683,621952,620486,619313,618466,617977,617877,618204,619000,620283,622107,624508
09,Distrito Federal,09004,Cuajimalpa de Morelos,M09.01,Valle de México,194851,196329,197629,198647,199380,199809,199926,199718,199175,198271,197007,195352,193306,190837,187924,184549
09,Distrito Federal,09005,Gustavo A. Madero,M09.01,Valle de México,1198629,1193647,1189130,1184801,1180729,1176967,1173555,1170537,1167941,1165799,1164150,1163013,1162435,1162430,1163035,1164267
09,Distrito Federal,09006,Iztacalco,M09.01,Valle de México,397816,396794,395939,395153,394448,393821,393275,392817,392441,392143,391921,391773,391701,391689,391738,391837
09,Distrito Federal,09007,Iztapalapa,M09.01,Valle de México,1848954,1843315,1837496,1830835,1823468,1815551,1807133,1798303,1789185,1779836,1770358,1760841,1751304,1741900,1732690,1723707
09,Distrito Federal,09008,La Magdalena Contreras,M09.01,Valle de México,244785,245103,245355,245445,245375,245147,244769,244235,243550,242697,241684,240499,239155,237631,235926,234035
09,Distrito Federal,09009,Milpa Alta,M09.01,Valle de México,135272,136522,137603,138441,139035,139371,139441,139241,138753,137972,136879,135460,133713,131625,129167,126337
09,Distrito Federal,09010,-lvaro Obregón,M09.01,Valle de México,752185,753460,754581,755299,755620,755537,755046,754141,752800,751012,748751,746010,742756,738980,734645,729742
09,Distrito Federal,09011,Tláhuac,M09.01,Valle de México,366674,367372,367810,367814,367406,366586,365386,363807,361860,359556,356884,353866,350513,346803,342749,338328
09,Distrito Federal,09012,Tlalpan,M09.01,Valle de México,673919,676597,678903,680617,681728,682234,682121,681386,680001,677956,675223,671793,667634,662732,657058,650587
09,Distrito Federal,09013,Xochimilco,M09.01,Valle de México,421693,421545,421188,420471,419426,418060,416419,414507,412348,409956,407348,404538,401548,398387,395070,391615
09,Distrito Federal,09014,Benito Juárez,M09.01,Valle de México,414761,418868,422882,426729,430354,433708,436737,439388,441601,443333,444534,445147,445116,444401,442949,440722
09,Distrito Federal,09015,Cuauhtémoc,M09.01,Valle de México,543644,544605,545675,546713,547703,548606,549396,550027,550470,550708,550710,550440,549873,548985,547761,546185
09,Distrito Federal,09016,Miguel Hidalgo,M09.01,Valle de México,374779,375725,376741,377737,378708,379624,380465,381196,381807,382276,382573,382680,382578,382233,381643,380790
09,Distrito Federal,09017,Venustiano Carranza,M09.01,Valle de México,440592,438670,437022,435556,434290,433231,432392,431771,431379,431216,431279,431581,432126,432907,433941,435221
13,Hidalgo,13069,Tizayuca,M09.01,Valle de México,117477,121945,126186,130160,133825,137165,140150,142743,144916,146643,147884,148611,148790,148399,147389,145738
15,México,15002,Acolman,M09.01,Valle de México,160927,166634,172097,177223,181951,186256,190073,193360,196076,198168,199590,200306,200252,199404,197712,195128
15,México,15009,Amecameca,M09.01,Valle de México,52581,52962,53355,53747,54144,54548,54970,55411,55857,56336,56833,57355,57911,58498,59118,59775
15,México,15010,Apaxco,M09.01,Valle de México,29829,30198,30567,30917,31254,31576,31891,32187,32473,32741,32999,33247,33480,33701,33908,34100
15,México,15011,Atenco,M09.01,Valle de México,62696,64350,65932,67414,68776,70016,71122,72092,72905,73557,74037,74346,74456,74375,74082,73574
15,México,15013,Atizapán de Zaragoza,M09.01,Valle de México,538556,542273,545985,549657,553345,557108,560994,565045,569321,573872,578746,583988,589661,595807,602472,609710
15,México,15015,Atlautla,M09.01,Valle de México,30649,31071,31494,31898,32292,32674,33040,33398,33740,34063,34369,34660,34932,35182,35413,35626
15,México,15016,Axapusco,M09.01,Valle de México,27729,28224,28710,29175,29621,30040,30436,30806,31146,31460,31739,31986,32194,32366,32502,32591
15,México,15017,Ayapango,M09.01,Valle de México,9871,10141,10398,10639,10873,11081,11268,11437,11586,11707,11801,11868,11901,11907,11882,11822
15,México,15020,Coacalco de Berriozábal,M09.01,Valle de México,302874,304528,306113,307649,309175,310743,312389,314164,316101,318256,320670,323380,326434,329866,333737,338054
15,México,15022,Cocotitlán,M09.01,Valle de México,14242,14486,14729,14959,15180,15387,15587,15770,15941,16100,16248,16375,16490,16592,16669,16734
15,México,15023,Coyotepec,M09.01,Valle de México,42672,42997,43325,43631,43921,44201,44468,44733,44987,45242,45497,45757,46017,46292,46569,46867
15,México,15024,Cuautitlán,M09.01,Valle de México,156680,160866,164842,168534,171933,175004,177731,180098,182058,183610,184723,185368,185542,185203,184326,182901
15,México,15025,Chalco,M09.01,Valle de México,348034,358612,369017,379002,388478,397344,405488,412810,419220,424606,428875,431928,433669,433994,432825,430059
15,México,15028,Chiautla,M09.01,Valle de México,28996,29611,30206,30770,31304,31803,32263,32685,33062,33394,33677,33909,34090,34215,34276,34279
15,México,15029,Chicoloapan,M09.01,Valle de México,201206,207108,212715,217909,222653,226911,230653,233841,236437,238405,239714,240325,240207,239335,237669,235185
15,México,15030,Chiconcuac,M09.01,Valle de México,25240,25745,26237,26712,27156,27570,27952,28305,28619,28893,29128,29316,29463,29556,29596,29591
15,México,15031,Chimalhuacán,M09.01,Valle de México,677256,687195,696657,705316,713167,720207,726430,731834,736415,740168,743102,745199,746471,746907,746505,745251
15,México,15033,Ecatepec de Morelos,M09.01,Valle de México,1674599,1680113,1686124,1692644,1699737,1707754,1716891,1727349,1739424,1753331,1769261,1787424,1808045,1831415,1857640,1886944
15,México,15034,Ecatzingo,M09.01,Valle de México,9632,9728,9823,9917,10007,10090,10171,10246,10317,10381,10449,10506,10562,10614,10665,10708
15,México,15035,Huehuetoca,M09.01,Valle de México,124349,129583,134583,139243,143509,147326,150654,153440,155629,157182,158045,158170,157512,156025,153673,150410
15,México,15036,Hueypoxtla,M09.01,Valle de México,43737,44375,45003,45613,46191,46742,47272,47765,48230,48656,49047,49407,49722,50000,50234,50429
15,México,15037,Huixquilucan,M09.01,Valle de México,269923,274348,278634,282714,286581,290231,293667,296879,299869,302620,305133,307404,309425,311195,312698,313944
15,México,15038,Isidro Fabela,M09.01,Valle de México,11521,11739,11956,12154,12340,12512,12669,12809,12931,13036,13125,13192,13237,13263,13266,13248
15,México,15039,Ixtapaluca,M09.01,Valle de México,507825,518015,527561,536257,544086,551034,557092,562236,566446,569708,572008,573338,573686,573010,571297,568527
15,México,15044,Jaltenco,M09.01,Valle de México,29145,29110,29099,29100,29127,29179,29260,29372,29532,29728,29976,30277,30633,31048,31534,32093
15,México,15046,Jilotzingo,M09.01,Valle de México,19351,19649,19943,20216,20473,20713,20933,21139,21326,21496,21640,21772,21881,21974,22041,22088
15,México,15050,Juchitepec,M09.01,Valle de México,25468,25851,26226,26586,26924,27241,27540,27818,28073,28305,28513,28695,28852,28979,29080,29151
15,México,15053,Melchor Ocampo,M09.01,Valle de México,55287,56585,57842,59027,60139,61172,62105,62945,63679,64295,64795,65163,65396,65485,65425,65205
15,México,15057,Naucalpan de Juárez,M09.01,Valle de México,886461,889833,893877,898554,903960,910187,917312,925411,934557,944837,956299,969016,983051,998478,1015347,1033735
15,México,15058,Nezahualcóyotl,M09.01,Valle de México,1135026,1131848,1130193,1130172,1131976,1135786,1141770,1150103,1160931,1174417,1190690,1209908,1232206,1257705,1286540,1318836
15,México,15059,Nextlalpan,M09.01,Valle de México,38254,39476,40651,41738,42740,43640,44432,45104,45649,46057,46313,46415,46351,46118,45696,45094
15,México,15060,Nicolás Romero,M09.01,Valle de México,403346,411739,419829,427430,434523,441064,447017,452349,457011,460975,464203,466653,468298,469098,469013,468019
15,México,15061,Nopaltepec,M09.01,Valle de México,9321,9410,9502,9586,9668,9753,9832,9909,9989,10070,10152,10233,10319,10400,10493,10580
15,México,15065,Otumba,M09.01,Valle de México,36029,36485,36935,37367,37787,38186,38578,38947,39300,39637,39959,40260,40542,40810,41065,41299
15,México,15068,Ozumba,M09.01,Valle de México,29302,29694,30078,30446,30810,31154,31481,31796,32097,32382,32653,32905,33144,33362,33567,33743
15,México,15069,Papalotla,M09.01,Valle de México,4216,4250,4278,4311,4340,4367,4397,4427,4458,4488,4520,4558,4595,4638,4677,4723
15,México,15070,La Paz,M09.01,Valle de México,288308,293057,297638,301926,305912,309596,312970,316020,318738,321113,323141,324808,326110,327030,327554,327683
15,México,15075,San Martín de las Pirámides,M09.01,Valle de México,27036,27500,27943,28366,28771,29145,29497,29826,30125,30397,30639,30855,31035,31184,31298,31379
15,México,15081,Tecámac,M09.01,Valle de México,432214,447697,462513,476338,489070,500585,510768,519495,526623,532043,535635,537280,536866,534270,529394,522124
15,México,15083,Temamatla,M09.01,Valle de México,12698,12919,13132,13331,13519,13690,13843,13987,14107,14210,14300,14370,14418,14444,14451,14442
15,México,15084,Temascalapa,M09.01,Valle de México,39172,39723,40254,40757,41236,41685,42107,42499,42866,43204,43517,43806,44065,44295,44500,44678
15,México,15089,Tenango del Aire,M09.01,Valle de México,12169,12422,12672,12910,13134,13344,13540,13718,13879,14018,14142,14247,14327,14381,14411,14421
15,México,15091,Teoloyucan,M09.01,Valle de México,70219,70030,69854,69698,69562,69466,69423,69457,69573,69787,70114,70572,71168,71918,72837,73941
15,México,15092,Teotihuacán,M09.01,Valle de México,57377,58164,58927,59655,60341,60992,61609,62190,62727,63233,63701,64130,64520,64870,65184,65458
15,México,15093,Tepetlaoxtoc,M09.01,Valle de México,30825,31321,31805,32262,32699,33108,33490,33850,34180,34480,34751,34997,35208,35388,35535,35649
15,México,15094,Tepetlixpa,M09.01,Valle de México,20050,20272,20498,20711,20923,21137,21345,21542,21746,21946,22145,22338,22532,22722,22910,23099
15,México,15095,Tepotzotlán,M09.01,Valle de México,95292,97302,99237,101058,102761,104335,105766,107057,108187,109160,109957,110581,111011,111257,111298,111124
15,México,15096,Tequixquiac,M09.01,Valle de México,37112,37663,38197,38711,39200,39658,40100,40512,40896,41252,41574,41868,42132,42359,42549,42713
15,México,15099,Texcoco,M09.01,Valle de México,248887,251658,254375,256997,259545,262015,264421,266768,269067,271324,273543,275738,277918,280086,282261,284437
15,México,15100,Tezoyuca,M09.01,Valle de México,40710,42028,43285,44458,45541,46527,47398,48158,48790,49281,49618,49807,49829,49673,49342,48815
15,México,15103,Tlalmanalco,M09.01,Valle de México,49340,49735,50139,50545,50956,51370,51804,52256,52727,53223,53741,54287,54867,55476,56124,56804
15,México,15104,Tlalnepantla de Baz,M09.01,Valle de México,732600,736006,740031,744747,750224,756537,763728,771858,780982,791159,802424,814828,828427,843254,859359,876784
15,México,15108,Tultepec,M09.01,Valle de México,147347,150460,153432,156173,158680,160943,162956,164699,166172,167354,168233,168808,169057,168980,168564,167788
15,México,15109,Tultitlán,M09.01,Valle de México,535464,540131,544600,548776,552728,556493,560120,563656,567158,570667,574232,577914,581747,585782,590055,594603
15,México,15112,Villa del Carbón,M09.01,Valle de México,47601,48250,48893,49498,50075,50614,51111,51578,51999,52377,52717,53013,53266,53471,53632,53746
15,México,15120,Zumpango,M09.01,Valle de México,191955,197620,203060,208157,212874,217166,220996,224322,227087,229264,230809,231678,231831,231230,229842,227626
15,México,15121,Cuautitlán Izcalli,M09.01,Valle de México,554689,559301,563848,568308,572744,577190,581688,586273,590993,595901,601029,606424,612139,618205,624681,631589
15,México,15122,Valle de Chalco Solidaridad,M09.01,Valle de México,394527,399932,405268,410353,415167,419700,423921,427808,431347,434520,437313,439714,441708,443278,444424,445135
15,México,15125,Tonanitla,M09.01,Valle de México,10476,10599,10709,10801,10883,10960,11014,11060,11094,11111,11112,11104,11087,11057,11014,10952
10,Durango,10005,Durango,M10.01,Durango,653402,663425,672181,680436,688253,695597,702486,708905,714847,720294,725234,729674,733585,736957,739715,741917
11,Guanajuato,11007,Celaya,M11.01,Celaya,504923,510850,516207,521300,526166,530820,535265,539513,543570,547441,551132,554659,558023,561232,564294,567212
11,Guanajuato,11009,Comonfort,M11.01,Celaya,83524,84358,85112,85836,86525,87191,87826,88439,89022,89580,90117,90628,91121,91587,92034,92459
11,Guanajuato,11011,Cortazar,M11.01,Celaya,97304,98152,98945,99730,100521,101319,102119,102932,103758,104594,105451,106321,107214,108130,109076,110048
11,Guanajuato,11044,Villagrán,M11.01,Celaya,59874,60570,61201,61800,62371,62918,63434,63924,64384,64818,65220,65593,65936,66256,66547,66809
11,Guanajuato,11015,Guanajuato,M11.02,Guanajuato,187214,189690,191933,194067,196104,198035,199866,201601,203231,204758,206181,207497,208712,209814,210805,211680
11,Guanajuato,11020,León,M11.03,León,1584942,1607326,1627314,1645986,1663404,1679610,1694594,1708292,1720754,1731927,1741812,1750402,1757679,1763613,1768168,1771347
11,Guanajuato,11037,Silao de la Victoria,M11.03,León,188216,191187,193889,196430,198812,201020,203050,204898,206541,207977,209193,210180,210932,211437,211683,211660
11,Guanajuato,11021,Moroleón,M11.04,Moroleón-Uriangato,52606,52913,53231,53575,53960,54378,54835,55341,55888,56484,57125,57818,58569,59370,60237,61161
11,Guanajuato,11041,Uriangato,M11.04,Moroleón-Uriangato,64091,64748,65367,65975,66580,67184,67785,68386,68991,69593,70199,70809,71420,72042,72669,73303
11,Guanajuato,11025,Purísima del Rincón,M11.05,San Francisco del Rincón,77981,79902,81643,83245,84709,86012,87157,88130,88929,89540,89953,90163,90149,89913,89445,88712
11,Guanajuato,11031,San Francisco del Rincón,M11.05,San Francisco del Rincón,121671,122635,123492,124314,125119,125904,126678,127444,128206,128969,129737,130514,131313,132131,132983,133862
12,Guerrero,12001,Acapulco de Juárez,M12.01,Acapulco,823760,828189,831652,834889,837914,840795,843490,846121,848647,851123,853612,856140,858654,861243,863901,866622
12,Guerrero,12021,Coyuca de Benítez,M12.01,Acapulco,77608,77941,78204,78456,78698,78931,79158,79380,79605,79824,80052,80281,80512,80758,81006,81264
12,Guerrero,12029,Chilpancingo de los Bravo,M12.02,Chilpancingo,268720,272673,276130,279228,281967,284330,286309,287883,289043,289766,290033,289839,289156,287970,286253,283989
12,Guerrero,12075,Eduardo Neri,M12.02,Chilpancingo,50382,51005,51557,52061,52519,52924,53278,53576,53813,53986,54097,54134,54099,53985,53793,53514
13,Hidalgo,13022,Epazoyucan,M13.01,Pachuca,14899,15148,15381,15612,15830,16053,16271,16468,16663,16850,17031,17202,17366,17522,17663,17797
13,Hidalgo,13039,Mineral del Monte,M13.01,Pachuca,14868,15033,15202,15377,15557,15737,15921,16104,16301,16494,16693,16897,17101,17307,17514,17727
13,Hidalgo,13048,Pachuca de Soto,M13.01,Pachuca,274475,275616,276670,277775,278974,280312,281814,283561,285612,287937,290580,293643,297150,301149,305656,310735
13,Hidalgo,13051,Mineral de la Reforma,M13.01,Pachuca,157465,163969,170106,175837,181119,185907,190169,193848,196911,199307,200994,201933,202072,201363,199748,197181
13,Hidalgo,13052,San Agustín Tlaxiaca,M13.01,Pachuca,35820,36557,37260,37930,38570,39180,39755,40292,40786,41243,41654,42015,42325,42584,42790,42936
13,Hidalgo,13082,Zapotlán de Juárez,M13.01,Pachuca,19421,19630,19830,20023,20215,20402,20594,20779,20970,21161,21356,21557,21764,21974,22193,22420
13,Hidalgo,13083,Zempoala,M13.01,Pachuca,44474,45810,47091,48316,49467,50540,51535,52435,53237,53934,54516,54971,55297,55481,55519,55394
13,Hidalgo,13010,Atitalaquia,M13.02,Tula,30090,30544,30992,31419,31829,32226,32608,32977,33329,33667,33985,34293,34586,34861,35124,35366
13,Hidalgo,13013,Atotonilco de Tula,M13.02,Tula,37280,38110,38904,39656,40374,41039,41658,42228,42744,43204,43600,43931,44191,44381,44492,44523
13,Hidalgo,13070,Tlahuelilpan,M13.02,Tula,19307,19616,19916,20203,20476,20742,20992,21235,21458,21673,21874,22058,22232,22387,22531,22656
13,Hidalgo,13074,Tlaxcoapan,M13.02,Tula,29195,29519,29830,30132,30431,30727,31018,31302,31591,31875,32160,32445,32737,33036,33337,33643
13,Hidalgo,13076,Tula de Allende,M13.02,Tula,112294,113653,114972,116271,117558,118824,120085,121340,122602,123860,125119,126389,127663,128957,130262,131578
13,Hidalgo,13016,Cuautepec de Hinojosa,M13.03,Tulancingo,58534,59349,60139,60904,61641,62361,63061,63741,64398,65035,65646,66233,66799,67335,67857,68344
13,Hidalgo,13056,Santiago Tulantepec de Lugo Guerrero,M13.03,Tulancingo,37324,37940,38526,39076,39602,40098,40571,41004,41420,41801,42159,42481,42778,43050,43284,43484
13,Hidalgo,13077,Tulancingo de Bravo,M13.03,Tulancingo,158870,161195,163434,165581,167638,169624,171527,173360,175116,176808,178429,179977,181462,182884,184238,185520
14,Jalisco,14002,Acatlán de Juárez,M14.01,Guadalajara,23797,23859,23926,23989,24060,24131,24214,24305,24417,24552,24708,24884,25090,25329,25606,25928
14,Jalisco,14039,Guadalajara,M14.01,Guadalajara,1508885,1503467,1500530,1499330,1500273,1503505,1509338,1517916,1529591,1544476,1562868,1585031,1611112,1641400,1676075,1715467
14,Jalisco,14044,Ixtlahuacán de los Membrillos,M14.01,Guadalajara,51238,53211,55099,56870,58498,59970,61274,62393,63302,63991,64443,64641,64573,64220,63565,62581
14,Jalisco,14051,Juanacatlán,M14.01,Guadalajara,17402,17794,18177,18539,18882,19203,19501,19760,19990,20189,20356,20478,20561,20600,20597,20541
14,Jalisco,14070,El Salto,M14.01,Guadalajara,177457,182730,187707,192285,196448,200159,203385,206099,208267,209863,210845,211188,210868,209838,208072,205528
14,Jalisco,14097,Tlajomulco de Zúñiga,M14.01,Guadalajara,536591,561383,584860,606624,626468,644175,659547,672358,682404,689464,693329,693804,690668,683716,672719,657449
14,Jalisco,14098,San Pedro Tlaquepaque,M14.01,Guadalajara,667549,676704,685533,693773,701444,708568,715140,721177,726670,731622,736025,739901,743233,746023,748283,749996
14,Jalisco,14101,Tonalá,M14.01,Guadalajara,535011,545049,554459,563033,570774,577668,583708,588874,593150,596524,598988,600516,601088,600698,599311,596901
14,Jalisco,14120,Zapopan,M14.01,Guadalajara,1357002,1373625,1389904,1405216,1419678,1433360,1446244,1458470,1469966,1480871,1491181,1500960,1510170,1518901,1527228,1535107
14,Jalisco,14124,Zapotlanejo,M14.01,Guadalajara,68588,69414,70230,71003,71737,72439,73099,73729,74319,74871,75399,75892,76353,76777,77171,77533
14,Jalisco,14047,Jamay,M14.02,Ocotlán,24993,25302,25614,25921,26211,26504,26778,27046,27305,27555,27793,28016,28230,28432,28619,28790
14,Jalisco,14063,Ocotlán,M14.02,Ocotlán,101463,102396,103347,104269,105174,106059,106942,107813,108680,109553,110424,111303,112197,113106,114026,114966
14,Jalisco,14066,Poncitlán,M14.02,Ocotlán,52213,52866,53501,54100,54667,55191,55675,56125,56541,56916,57255,57554,57818,58039,58221,58361
14,Jalisco,14067,Puerto Vallarta,M14.03,Puerto Vallarta,277829,282765,287460,291805,295799,299434,302720,305640,308195,310374,312179,313594,314626,315255,315472,315274
18,Nayarit,18020,Bahía de Banderas,M14.03,Puerto Vallarta,149560,155214,160575,165598,170254,174510,178343,181722,184621,187008,188856,190152,190855,190931,190350,189071
15,México,15006,Almoloya del Río,M15.01,Tianguistenco,11347,11523,11695,11860,12016,12169,12314,12447,12573,12692,12795,12896,12982,13057,13119,13172
15,México,15012,Atizapán,M15.01,Tianguistenco,11547,11762,11969,12166,12342,12511,12665,12793,12910,13003,13077,13134,13171,13179,13173,13142
15,México,15019,Capulhuac,M15.01,Tianguistenco,36233,36648,37060,37458,37834,38196,38546,38875,39198,39501,39789,40066,40331,40587,40825,41056
15,México,15043,Xalatlaco,M15.01,Tianguistenco,29127,29785,30432,31037,31603,32120,32592,33007,33365,33665,33896,34056,34143,34158,34088,33927
15,México,15098,Texcalyacac,M15.01,Tianguistenco,5378,5451,5520,5586,5649,5711,5769,5821,5873,5922,5969,6010,6052,6083,6116,6148
15,México,15101,Tianguistenco,M15.01,Tianguistenco,77220,78355,79472,80527,81524,82457,83330,84133,84876,85543,86141,86661,87109,87478,87763,87966
15,México,15005,Almoloya de Juárez,M15.02,Toluca,170256,174234,178085,181703,185061,188124,190877,193287,195321,196964,198179,198955,199255,199057,198337,197078
15,México,15018,Calimaya,M15.02,Toluca,54423,55727,56987,58174,59285,60309,61241,62066,62795,63392,63875,64222,64431,64488,64400,64138
15,México,15027,Chapultepec,M15.02,Toluca,11330,11700,12053,12391,12701,12986,13234,13458,13640,13789,13894,13954,13964,13932,13843,13700
15,México,15051,Lerma,M15.02,Toluca,145727,148878,151922,154788,157467,159948,162204,164220,165993,167497,168726,169658,170285,170582,170546,170158
15,México,15054,Metepec,M15.02,Toluca,235173,237398,239599,241767,243918,246055,248200,250361,252571,254826,257145,259538,262033,264630,267348,270207
15,México,15055,Mexicaltzingo,M15.02,Toluca,12727,12945,13164,13367,13563,13744,13918,14075,14215,14343,14458,14555,14636,14695,14740,14762
15,México,15062,Ocoyoacac,M15.02,Toluca,66732,67809,68865,69862,70816,71711,72557,73339,74066,74721,75319,75845,76303,76685,76991,77223
15,México,15067,Otzolotepec,M15.02,Toluca,83938,85480,86967,88358,89638,90805,91852,92772,93560,94212,94722,95079,95284,95325,95195,94899
15,México,15072,Rayón,M15.02,Toluca,13479,13725,13962,14195,14407,14608,14791,14962,15116,15252,15368,15471,15549,15606,15643,15659
15,México,15073,San Antonio la Isla,M15.02,Toluca,26906,27977,29016,29983,30878,31682,32387,32993,33483,33839,34058,34134,34052,33805,33383,32778
15,México,15076,San Mateo Atenco,M15.02,Toluca,77004,77856,78690,79472,80208,80903,81552,82161,82729,83265,83763,84224,84662,85068,85445,85796
15,México,15087,Temoaya,M15.02,Toluca,100505,102503,104439,106249,107918,109436,110794,111977,112973,113772,114364,114732,114872,114776,114430,113818
15,México,15090,Tenango del Valle,M15.02,Toluca,85650,87046,88411,89703,90911,92048,93092,94050,94916,95686,96355,96917,97367,97700,97919,98013
15,México,15106,Toluca,M15.02,Toluca,888043,901274,914141,926382,937994,948950,959238,968840,977750,985940,993393,1000098,1006027,1011168,1015505,1019014
15,México,15115,Xonacatlán,M15.02,Toluca,51800,52391,52970,53520,54038,54531,54999,55437,55857,56255,56624,56977,57307,57622,57913,58191
15,México,15118,Zinacantepec,M15.02,Toluca,183888,187939,191841,195496,198889,201988,204780,207236,209342,211070,212397,213306,213781,213788,213325,212356
11,Guanajuato,11023,Pénjamo,M16.01,La Piedad-Pénjamo,156371,157020,157653,158343,159111,159968,160917,161971,163141,164428,165841,167396,169102,170962,172986,175200
16,Michoacán de Ocampo,16069,La Piedad,M16.01,La Piedad-Pénjamo,105705,106729,107688,108612,109512,110385,111233,112046,112832,113587,114309,115008,115672,116309,116910,117484
16,Michoacán de Ocampo,16022,Charo,M16.02,Morelia,22534,22704,22857,22998,23137,23273,23402,23528,23652,23775,23893,24013,24134,24255,24377,24499
16,Michoacán de Ocampo,16053,Morelia,M16.02,Morelia,790028,798330,805805,812823,819361,825585,831328,836765,841844,846628,851090,855211,859108,862747,866157,869284
16,Michoacán de Ocampo,16088,Tarímbaro,M16.02,Morelia,102082,106039,109722,113136,116249,119032,121443,123456,125030,126126,126727,126789,126287,125186,123447,121041
16,Michoacán de Ocampo,16043,Jacona,M16.03,Zamora,70018,70662,71229,71750,72232,72669,73082,73465,73811,74130,74418,74682,74921,75150,75350,75541
16,Michoacán de Ocampo,16108,Zamora,M16.03,Zamora,199357,201312,203103,204807,206438,207985,209464,210865,212191,213432,214600,215689,216705,217648,218518,219315
17,Morelos,17002,Atlatlahucan,M17.01,Cuautla,21792,22314,22813,23282,23732,24153,24539,24884,25196,25463,25686,25864,25994,26068,26092,26048
17,Morelos,17004,Ayala,M17.01,Cuautla,85712,86850,87947,89014,90046,91043,92008,92934,93823,94672,95481,96248,96964,97631,98253,98826
17,Morelos,17006,Cuautla,M17.01,Cuautla,194942,197785,200516,203165,205737,208227,210626,212934,215144,217246,219233,221111,222863,224493,225992,227354
17,Morelos,17026,Tlayacapan,M17.01,Cuautla,17894,18164,18421,18668,18906,19129,19342,19546,19733,19907,20066,20212,20342,20457,20558,20643
17,Morelos,17029,Yautepec,M17.01,Cuautla,104091,105342,106537,107695,108820,109914,110977,112012,113017,113995,114943,115870,116762,117634,118478,119299
17,Morelos,17030,Yecapixtla,M17.01,Cuautla,51739,52759,53732,54654,55521,56334,57081,57760,58362,58885,59327,59677,59934,60093,60154,60107
17,Morelos,17007,Cuernavaca,M17.02,Cuernavaca,385758,388379,390942,393607,396418,399426,402642,406087,409831,413846,418234,422939,428038,433536,439454,445848
17,Morelos,17008,Emiliano Zapata,M17.02,Cuernavaca,95967,98399,100692,102839,104829,106645,108281,109718,110944,111949,112714,113229,113492,113482,113194,112614
17,Morelos,17009,Huitzilac,M17.02,Cuernavaca,19048,19340,19617,19886,20134,20372,20598,20805,21002,21179,21337,21480,21604,21707,21800,21862
17,Morelos,17011,Jiutepec,M17.02,Cuernavaca,216808,219258,221543,223686,225720,227649,229487,231242,232927,234549,236123,237656,239153,240636,242096,243550
17,Morelos,17018,Temixco,M17.02,Cuernavaca,117291,118712,120069,121362,122613,123812,124966,126068,127123,128134,129097,130020,130897,131735,132531,133290
17,Morelos,17020,Tepoztlán,M17.02,Cuernavaca,46592,47640,48642,49602,50517,51373,52178,52918,53584,54181,54691,55115,55448,55684,55814,55841
17,Morelos,17024,Tlaltizapán de Zapata,M17.02,Cuernavaca,52824,53382,53926,54471,55013,55553,56098,56647,57189,57743,58292,58841,59398,59954,60516,61082
17,Morelos,17028,Xochitepec,M17.02,Cuernavaca,68886,70213,71450,72614,73694,74691,75599,76409,77130,77744,78254,78656,78946,79124,79184,79116
18,Nayarit,18008,Xalisco,M18.01,Tepic,56670,57848,58982,60054,61076,62038,62948,63798,64584,65317,65986,66594,67139,67621,68042,68396
18,Nayarit,18017,Tepic,M18.01,Tepic,414025,420750,427361,433734,439916,445889,451727,457408,462953,468384,473716,478951,484089,489201,494247,499249
19,Nuevo León,19001,Abasolo,M19.01,Monterrey,2900,2907,2911,2910,2911,2918,2926,2931,2947,2971,2993,3024,3065,3107,3159,3217
19,Nuevo León,19006,Apodaca,M19.01,Monterrey,596420,613112,627895,641618,654249,665734,676062,685177,693045,699613,704826,708642,710993,711815,711033,708564
19,Nuevo León,19009,Cadereyta Jiménez,M19.01,Monterrey,97675,99322,100824,102293,103732,105145,106525,107879,109207,110511,111786,113033,114260,115463,116642,117797
19,Nuevo León,19010,El Carmen,M19.01,Monterrey,38331,40383,42305,44112,45792,47326,48695,49869,50848,51603,52106,52357,52324,51994,51345,50348
19,Nuevo León,19012,Ciénega de Flores,M19.01,Monterrey,41913,43907,45756,47492,49098,50563,51865,52995,53927,54652,55150,55407,55410,55136,54568,53691
19,Nuevo León,19018,García,M19.01,Monterrey,242255,255777,268306,280063,290911,300745,309453,316902,322969,327534,330490,331705,331037,328380,323595,316556
19,Nuevo León,19019,San Pedro Garza García,M19.01,Monterrey,133366,134035,134704,135509,136480,137614,138945,140470,142218,144201,146429,148936,151719,154814,158231,162003
19,Nuevo León,19021,General Escobedo,M19.01,Monterrey,422755,433280,442535,451138,459071,466325,472873,478712,483816,488156,491714,494469,496388,497443,497597,496811
19,Nuevo León,19025,General Zuazua,M19.01,Monterrey,74401,78444,82201,85722,88975,91913,94516,96734,98532,99878,100727,101053,100810,99957,98458,96279
19,Nuevo León,19026,Guadalupe,M19.01,Monterrey,695036,697733,700024,702812,706231,710413,715442,721449,728541,736824,746405,757417,769965,784181,800190,818130
19,Nuevo León,19031,Juárez,M19.01,Monterrey,330887,346371,360519,373725,385877,396864,406584,414934,421798,427063,430616,432347,432122,429817,425315,418471
19,Nuevo León,19039,Monterrey,M19.01,Monterrey,1088555,1094334,1099937,1106817,1115043,1124835,1136308,1149605,1164927,1182363,1202138,1224316,1249055,1276540,1306879,1340264
19,Nuevo León,19041,Pesquería,M19.01,Monterrey,90421,95458,100180,104642,108796,112583,115959,118875,121285,123138,124391,124992,124892,124044,122401,119905
19,Nuevo León,19045,Salinas Victoria,M19.01,Monterrey,53092,55130,56991,58746,60377,61868,63214,64394,65399,66223,66846,67250,67430,67371,67054,66465
19,Nuevo León,19046,San Nicolás de los Garza,M19.01,Monterrey,477596,475823,474221,473337,473285,474163,476051,479050,483249,488759,495687,504127,514203,526038,539757,555515
19,Nuevo León,19047,Hidalgo,M19.01,Monterrey,15902,15896,15876,15869,15875,15902,15960,16036,16142,16279,16459,16674,16932,17230,17584,17985
19,Nuevo León,19048,Santa Catarina,M19.01,Monterrey,303504,307735,311448,315057,318594,322051,325468,328847,332214,335570,338929,342307,345721,349185,352711,356307
19,Nuevo León,19049,Santiago,M19.01,Monterrey,44504,44997,45457,45931,46435,46955,47500,48083,48704,49352,50047,50783,51573,52403,53295,54246
20,Oaxaca,20045,Magdalena Apasco,M20.01,Oaxaca,8397,8611,8802,8987,9148,9300,9430,9540,9631,9692,9740,9746,9738,9698,9623,9517
20,Oaxaca,20063,Nazareno Etla,M20.01,Oaxaca,4093,4122,4150,4179,4208,4234,4264,4288,4316,4341,4368,4395,4422,4447,4473,4503
20,Oaxaca,20067,Oaxaca de Juárez,M20.01,Oaxaca,259781,259414,259097,258792,258636,258636,258773,259162,259855,260823,262144,263822,265882,268421,271354,274911
20,Oaxaca,20083,San Agustín de las Juntas,M20.01,Oaxaca,9162,9396,9622,9818,9999,10151,10287,10392,10476,10527,10550,10541,10503,10424,10310,10164
20,Oaxaca,20087,San Agustín Yatareni,M20.01,Oaxaca,4340,4400,4458,4515,4565,4610,4651,4689,4720,4746,4764,4780,4783,4783,4774,4756
20,Oaxaca,20091,San Andrés Huayápam,M20.01,Oaxaca,5400,5461,5516,5567,5615,5655,5691,5724,5753,5779,5796,5815,5829,5834,5844,5843
20,Oaxaca,20107,San Antonio de la Cal,M20.01,Oaxaca,23720,24180,24598,24970,25306,25602,25849,26050,26201,26305,26359,26348,26288,26167,25985,25732
20,Oaxaca,20115,San Bartolo Coyotepec,M20.01,Oaxaca,9408,9595,9764,9920,10063,10186,10297,10386,10466,10519,10557,10578,10580,10556,10511,10441
20,Oaxaca,20157,San Jacinto Amilpas,M20.01,Oaxaca,16604,17016,17394,17728,18034,18293,18514,18686,18815,18904,18943,18924,18857,18729,18550,18307
20,Oaxaca,20174,Ánimas Trujano,M20.01,Oaxaca,3976,4029,4083,4125,4169,4207,4246,4279,4306,4330,4348,4366,4376,4381,4383,4376
20,Oaxaca,20227,San Lorenzo Cacaotepec,M20.01,Oaxaca,15349,15651,15930,16187,16421,16630,16819,16975,17106,17208,17277,17314,17317,17284,17214,17097
20,Oaxaca,20293,San Pablo Etla,M20.01,Oaxaca,17416,17854,18243,18601,18919,19200,19440,19630,19776,19875,19920,19915,19849,19728,19549,19299
20,Oaxaca,20338,Villa de Etla,M20.01,Oaxaca,10607,10797,10973,11136,11291,11426,11550,11661,11753,11830,11884,11921,11936,11927,11894,11839
20,Oaxaca,20350,San Sebastián Tutla,M20.01,Oaxaca,19332,19350,19349,19329,19306,19272,19241,19217,19198,19192,19199,19227,19280,19351,19458,19598
20,Oaxaca,20375,Santa Cruz Amilpas,M20.01,Oaxaca,12372,12680,12967,13233,13469,13683,13858,14009,14128,14208,14252,14257,14223,14133,14008,13835
20,Oaxaca,20385,Santa Cruz Xoxocotlán,M20.01,Oaxaca,90508,92542,94407,96098,97622,98970,100124,101085,101831,102362,102656,102712,102512,102040,101291,100244
20,Oaxaca,20390,Santa Lucía del Camino,M20.01,Oaxaca,51380,51578,51739,51876,51999,52119,52229,52353,52482,52619,52782,52963,53171,53419,53696,54020
20,Oaxaca,20399,Santa María Atzompa,M20.01,Oaxaca,33246,34205,35075,35871,36581,37206,37724,38148,38463,38665,38741,38699,38519,38195,37728,37105
20,Oaxaca,20403,Santa María Coyotepec,M20.01,Oaxaca,3005,3066,3123,3171,3217,3255,3289,3315,3337,3355,3364,3367,3359,3347,3329,3299
20,Oaxaca,20409,Santa María del Tule,M20.01,Oaxaca,9119,9185,9244,9300,9356,9409,9462,9518,9569,9621,9669,9730,9776,9833,9888,9942
20,Oaxaca,20519,Santo Domingo Tomaltepec,M20.01,Oaxaca,2978,3001,3024,3041,3059,3079,3097,3118,3141,3162,3182,3204,3223,3248,3274,3294
20,Oaxaca,20539,Soledad Etla,M20.01,Oaxaca,5508,5605,5697,5781,5859,5930,6000,6052,6103,6139,6170,6192,6203,6197,6184,6162
20,Oaxaca,20553,Tlalixtac de Cabrera,M20.01,Oaxaca,10242,10401,10545,10679,10800,10912,11013,11097,11172,11231,11278,11306,11321,11320,11301,11263
20,Oaxaca,20565,Villa de Zaachila,M20.01,Oaxaca,41773,42980,44095,45115,46036,46846,47539,48108,48537,48824,48959,48936,48735,48364,47795,47034
20,Oaxaca,20079,Salina Cruz,M20.02,Tehuantepec,89719,90336,90918,91480,92037,92577,93104,93629,94143,94655,95161,95666,96170,96667,97167,97673
20,Oaxaca,20124,San Blas Atempa,M20.02,Tehuantepec,18699,18760,18809,18852,18894,18929,18971,19004,19046,19092,19141,19202,19268,19347,19436,19542
20,Oaxaca,20308,San Pedro Huilotepec,M20.02,Tehuantepec,3134,3165,3192,3221,3246,3271,3294,3314,3333,3352,3366,3384,3395,3405,3416,3419
20,Oaxaca,20421,Santa María Mixtequilla,M20.02,Tehuantepec,4715,4738,4764,4783,4811,4837,4861,4886,4913,4944,4973,5002,5036,5072,5110,5143
20,Oaxaca,20515,Santo Domingo Tehuantepec,M20.02,Tehuantepec,65727,66243,66729,67193,67634,68052,68457,68836,69201,69547,69873,70181,70469,70736,70986,71209
21,Puebla,21001,Acajete,M21.01,Puebla-Tlaxcala,64875,65817,66698,67539,68329,69076,69772,70412,70990,71507,71961,72345,72656,72895,73051,73128
21,Puebla,21015,Amozoc,M21.01,Puebla-Tlaxcala,113405,116346,119067,121585,123885,125961,127789,129358,130643,131633,132311,132667,132680,132344,131620,130511
21,Puebla,21034,Coronango,M21.01,Puebla-Tlaxcala,39627,40427,41175,41881,42543,43151,43715,44222,44668,45051,45364,45608,45772,45861,45865,45781
21,Puebla,21041,Cuautlancingo,M21.01,Puebla-Tlaxcala,109067,113115,116922,120488,123785,126781,129434,131720,133606,135057,136035,136511,136457,135846,134629,132787
21,Puebla,21048,Chiautzingo,M21.01,Puebla-Tlaxcala,20457,20672,20881,21083,21288,21492,21692,21893,22091,22293,22485,22676,22866,23049,23235,23411
21,Puebla,21060,Domingo Arenas,M21.01,Puebla-Tlaxcala,7368,7493,7614,7729,7835,7936,8027,8118,8192,8262,8317,8365,8407,8431,8447,8445
21,Puebla,21074,Huejotzingo,M21.01,Puebla-Tlaxcala,72597,73903,75126,76286,77381,78403,79355,80220,81003,81695,82284,82776,83158,83429,83576,83600
21,Puebla,21090,Juan C. Bonilla,M21.01,Puebla-Tlaxcala,20603,21039,21451,21843,22211,22555,22870,23158,23416,23637,23823,23968,24068,24124,24132,24091
21,Puebla,21106,Ocoyucan,M21.01,Puebla-Tlaxcala,28200,28595,28972,29322,29662,29976,30269,30539,30790,31010,31202,31370,31506,31612,31683,31720
21,Puebla,21114,Puebla,M21.01,Puebla-Tlaxcala,1634238,1647816,1660592,1673165,1685804,1698509,1711529,1724831,1738577,1752924,1767970,1783758,1800423,1818033,1836713,1856559
21,Puebla,21119,San Andrés Cholula,M21.01,Puebla-Tlaxcala,133213,138021,142527,146750,150647,154192,157342,160069,162336,164104,165346,166018,166087,165528,164281,162320
21,Puebla,21122,San Felipe Teotlalcingo,M21.01,Puebla-Tlaxcala,10384,10518,10645,10776,10902,11025,11148,11263,11378,11492,11594,11696,11791,11881,11960,12036
21,Puebla,21125,San Gregorio Atzompa,M21.01,Puebla-Tlaxcala,8947,9094,9229,9362,9487,9608,9729,9841,9942,10039,10132,10216,10291,10356,10415,10462
21,Puebla,21132,San Martín Texmelucan,M21.01,Puebla-Tlaxcala,154037,155886,157620,159291,160890,162438,163922,165345,166710,168020,169268,170458,171594,172671,173688,174645
21,Puebla,21136,San Miguel Xoxtla,M21.01,Puebla-Tlaxcala,12545,12717,12878,13028,13173,13310,13437,13559,13675,13781,13875,13965,14044,14115,14179,14231
21,Puebla,21140,San Pedro Cholula,M21.01,Puebla-Tlaxcala,131843,133560,135177,136723,138209,139635,141002,142309,143556,144742,145869,146936,147947,148894,149780,150599
21,Puebla,21143,San Salvador el Verde,M21.01,Puebla-Tlaxcala,30983,31537,32054,32543,33008,33443,33845,34213,34544,34837,35089,35297,35458,35570,35630,35636
21,Puebla,21163,Tepatlaxco de Hidalgo,M21.01,Puebla-Tlaxcala,17555,17753,17941,18123,18298,18470,18632,18788,18940,19081,19217,19341,19459,19571,19671,19766
21,Puebla,21181,Tlaltenango,M21.01,Puebla-Tlaxcala,7007,7114,7216,7310,7404,7485,7569,7645,7713,7774,7828,7878,7913,7946,7970,7984
29,Tlaxcala,29015,Ixtacuixtla de Mariano Matamoros,M21.01,Puebla-Tlaxcala,39033,39639,40184,40734,41284,41831,42376,42917,43451,43984,44506,45020,45528,46022,46502,46972
29,Tlaxcala,29017,Mazatecochco de José María Morelos,M21.01,Puebla-Tlaxcala,10912,11074,11213,11346,11477,11601,11723,11838,11953,12061,12167,12273,12371,12468,12559,12645
29,Tlaxcala,29019,Tepetitla de Lardizábal,M21.01,Puebla-Tlaxcala,21031,21427,21772,22108,22426,22733,23019,23292,23542,23777,23992,24191,24367,24517,24652,24756
29,Tlaxcala,29022,Acuamanala de Miguel Hidalgo,M21.01,Puebla-Tlaxcala,6195,6352,6505,6652,6791,6934,7066,7194,7318,7427,7530,7617,7692,7753,7797,7820
29,Tlaxcala,29023,Natívitas,M21.01,Puebla-Tlaxcala,25734,26066,26369,26672,26982,27294,27615,27934,28261,28585,28913,29248,29581,29916,30255,30594
29,Tlaxcala,29025,San Pablo del Monte,M21.01,Puebla-Tlaxcala,77676,78850,79853,80804,81697,82542,83331,84067,84757,85392,85976,86515,86997,87429,87813,88147
29,Tlaxcala,29027,Tenancingo,M21.01,Puebla-Tlaxcala,13032,13227,13409,13588,13761,13938,14116,14288,14462,14637,14804,14972,15135,15294,15452,15607
29,Tlaxcala,29028,Teolocholco,M21.01,Puebla-Tlaxcala,24333,24736,25089,25432,25753,26065,26359,26642,26906,27157,27392,27606,27803,27984,28146,28288
29,Tlaxcala,29029,Tepeyanco,M21.01,Puebla-Tlaxcala,12400,12812,13210,13612,14006,14396,14771,15130,15468,15781,16064,16317,16532,16702,16824,16896
29,Tlaxcala,29032,Tetlatlahuca,M21.01,Puebla-Tlaxcala,13704,14024,14321,14629,14936,15237,15536,15830,16119,16388,16648,16889,17119,17322,17501,17657
29,Tlaxcala,29041,Papalotla de Xicohténcatl,M21.01,Puebla-Tlaxcala,30540,31012,31429,31829,32216,32591,32951,33301,33636,33959,34271,34570,34858,35134,35394,35648
29,Tlaxcala,29042,Xicohtzinco,M21.01,Puebla-Tlaxcala,13747,13976,14177,14376,14572,14770,14957,15143,15325,15505,15681,15851,16016,16175,16335,16485
29,Tlaxcala,29044,Zacatelco,M21.01,Puebla-Tlaxcala,43181,44038,44829,45615,46387,47148,47889,48612,49306,49971,50606,51196,51752,52261,52717,53112
29,Tlaxcala,29051,San Jerónimo Zacualpan,M21.01,Puebla-Tlaxcala,3865,3919,3963,4011,4057,4107,4159,4213,4268,4323,4381,4441,4501,4563,4630,4693
29,Tlaxcala,29053,San Juan Huactzinco,M21.01,Puebla-Tlaxcala,7646,7740,7818,7897,7975,8053,8132,8214,8294,8378,8469,8557,8651,8753,8855,8961
29,Tlaxcala,29054,San Lorenzo Axocomanitla,M21.01,Puebla-Tlaxcala,5711,5777,5844,5904,5965,6031,6094,6163,6231,6299,6374,6447,6525,6608,6691,6779
29,Tlaxcala,29056,Santa Ana Nopalucan,M21.01,Puebla-Tlaxcala,7784,7907,8019,8126,8234,8337,8438,8536,8633,8734,8825,8919,9009,9100,9186,9273
29,Tlaxcala,29057,Santa Apolonia Teacalco,M21.01,Puebla-Tlaxcala,4679,4740,4787,4841,4890,4944,4996,5049,5108,5170,5231,5292,5359,5426,5494,5566
29,Tlaxcala,29058,Santa Catarina Ayometla,M21.01,Puebla-Tlaxcala,8922,9047,9157,9276,9387,9500,9615,9731,9850,9968,10088,10210,10331,10454,10581,10707
29,Tlaxcala,29059,Santa Cruz Quilehtla,M21.01,Puebla-Tlaxcala,7071,7209,7331,7447,7560,7664,7768,7857,7944,8028,8099,8165,8222,8270,8310,8340
21,Puebla,21149,Santiago Miahuatlán,M21.02,Tehuacán,24596,25202,25761,26276,26745,27176,27553,27879,28148,28357,28503,28587,28599,28540,28408,28192
21,Puebla,21156,Tehuacán,M21.02,Tehuacán,316048,321318,326202,330790,335085,339077,342751,346105,349111,351767,354054,355964,357479,358590,359287,359550
21,Puebla,21054,Chignautla,M21.03,Teziutlán,33471,34128,34732,35285,35792,36244,36641,36982,37261,37475,37626,37709,37720,37655,37515,37296
21,Puebla,21174,Teziutlán,M21.03,Teziutlán,100343,101344,102276,103174,104051,104906,105747,106571,107387,108194,108997,109800,110604,111411,112228,113054
11,Guanajuato,11004,Apaseo el Alto,M22.01,Querétaro,69312,69959,70546,71115,71665,72209,72731,73246,73753,74248,74736,75216,75695,76164,76631,77100
22,Querétaro,22006,Corregidora,M22.01,Querétaro,176002,183006,189701,196134,202268,208076,213526,218580,223210,227374,231044,234186,236759,238728,240062,240721
22,Querétaro,22008,Huimilpan,M22.01,Querétaro,39214,39855,40468,41083,41696,42305,42916,43531,44144,44759,45378,45999,46625,47255,47890,48529
22,Querétaro,22011,El Marqués,M22.01,Querétaro,151384,157385,163087,168559,173771,178672,183234,187408,191164,194456,197253,199521,201219,202315,202771,202554
22,Querétaro,22014,Querétaro,M22.01,Querétaro,898319,914675,930411,945974,961470,976939,992423,1007923,1023514,1039236,1055096,1071145,1087435,1104025,1120919,1138178
23,Quintana Roo,23003,Isla Mujeres,M23.01,Cancún,19215,19980,20757,21535,22307,23070,23821,24553,25269,25961,26623,27251,27840,28395,28908,29372
23,Quintana Roo,23005,Benito Juárez,M23.01,Cancún,744095,764955,785764,805997,825647,844698,863123,880920,898035,914498,930256,945302,959611,973183,986005,998044
23,Quintana Roo,23004,Othón P. Blanco,M23.02,Chetumal,247606,250360,253513,257030,260945,265298,270144,275517,281462,288018,295210,303094,311696,321055,331199,342175
24,San Luis Potosí,24011,Ciudad Fernández,M24.01,Rioverde,46173,46459,46733,47000,47261,47527,47791,48054,48315,48584,48851,49123,49400,49688,49976,50272
24,San Luis Potosí,24024,Rioverde,M24.01,Rioverde,96434,96902,97378,97883,98418,98982,99583,100216,100884,101588,102331,103113,103936,104799,105709,106665
24,San Luis Potosí,24028,San Luis Potosí,M24.02,San Luis Potosí,838689,845899,852611,858929,864918,870578,875955,881143,886040,890761,895325,899729,904007,908126,912185,916131
24,San Luis Potosí,24035,Soledad de Graciano Sánchez,M24.02,San Luis Potosí,299974,306702,313010,318842,324165,328949,333151,336726,339636,341840,343301,343963,343789,342745,340783,337862
24,San Luis Potosí,24055,Zaragoza,M24.02,San Luis Potosí,26135,26362,26580,26789,26982,27163,27333,27486,27630,27755,27862,27958,28032,28088,28126,28142
25,Sinaloa,25006,Culiacán,M25.01,Culiacán,919119,929980,938906,947345,955340,962871,969979,976656,982894,988705,994104,999066,1003595,1007727,1011414,1014676
25,Sinaloa,25012,Mazatlán,M25.02,Mazatlán,498223,506602,513921,520899,527505,533733,539543,544920,549835,554264,558174,561538,564342,566550,568142,569087
26,Sonora,26025,Empalme,M26.01,Guaymas,57868,58352,58892,59450,60028,60631,61256,61915,62601,63323,64078,64875,65709,66582,67502,68466
26,Sonora,26029,Guaymas,M26.01,Guaymas,160390,162379,164508,166659,168830,171035,173258,175499,177763,180041,182331,184633,186938,189247,191561,193870
26,Sonora,26030,Hermosillo,M26.02,Hermosillo,874942,889980,904996,919332,933033,946054,958425,970061,980977,991127,1000482,1009068,1016795,1023688,1029686,1034738
26,Sonora,26043,Nogales,M26.03,Nogales,236163,239992,243718,247200,250457,253486,256294,258871,261225,263347,265232,266880,268287,269445,270334,270956
27,Tabasco,27004,Centro,M27.01,Villahermosa,693907,703825,713132,722215,731028,739611,747937,756031,763861,771483,778841,785995,792923,799644,806151,812441
27,Tabasco,27013,Nacajuca,M27.01,Villahermosa,133785,137298,140599,143696,146592,149256,151679,153828,155708,157282,158534,159446,160001,160177,159958,159315
28,Tamaulipas,28041,Victoria,M28.01,Ciudad Victoria,348362,352312,356210,359959,363577,367051,370384,373573,376608,379489,382207,384756,387128,389319,391325,393135
28,Tamaulipas,28022,Matamoros,M28.02,Matamoros,526890,531083,535140,538972,542624,546115,549472,552710,555852,558909,561911,564866,567796,570700,573588,576462
28,Tamaulipas,28027,Nuevo Laredo,M28.03,Nuevo Laredo,406592,409874,413020,415949,418701,421295,423752,426092,428330,430476,432553,434565,436536,438455,440345,442200
28,Tamaulipas,28032,Reynosa,M28.04,Reynosa,641932,652234,661969,670996,679229,686670,693288,699043,703931,707903,710912,712903,713810,713634,712279,709706
28,Tamaulipas,28033,Río Bravo,M28.04,Reynosa,127012,128271,129532,130774,131999,133206,134396,135565,136703,137815,138895,139938,140941,141899,142810,143660
28,Tamaulipas,28003,Altamira,M28.05,Tampico,232496,237788,242802,247457,251734,255602,259037,262007,264477,266424,267813,268608,268779,268294,267098,265165
28,Tamaulipas,28009,Ciudad Madero,M28.05,Tampico,215270,216748,218326,219954,221645,223413,225259,227198,229226,231362,233601,235965,238457,241084,243858,246793
28,Tamaulipas,28038,Tampico,M28.05,Tampico,325847,327145,328695,330427,332364,334535,336957,339653,342624,345918,349534,353503,357838,362570,367714,373304
30,Veracruz de Ignacio de la Llave,30123,Pánuco,M28.05,Tampico,103157,103848,104380,104904,105414,105926,106431,106946,107462,107986,108517,109059,109612,110177,110759,111355
30,Veracruz de Ignacio de la Llave,30133,Pueblo Viejo,M28.05,Tampico,59234,59697,60049,60380,60690,60978,61252,61509,61752,61984,62204,62419,62617,62813,63003,63193
29,Tlaxcala,29001,Amaxac de Guerrero,M29.01,Tlaxcala-Apizaco,11017,11246,11452,11648,11840,12018,12192,12355,12512,12654,12786,12907,13016,13112,13193,13261
29,Tlaxcala,29002,Apetatitlán de Antonio Carvajal,M29.01,Tlaxcala-Apizaco,15329,15542,15726,15910,16090,16266,16445,16617,16795,16966,17139,17312,17485,17659,17833,18013
29,Tlaxcala,29005,Apizaco,M29.01,Tlaxcala-Apizaco,82744,83299,83741,84191,84667,85176,85720,86320,86973,87693,88488,89370,90345,91421,92612,93923
29,Tlaxcala,29009,Cuaxomulco,M29.01,Tlaxcala-Apizaco,5419,5482,5544,5600,5659,5720,5776,5836,5894,5949,6010,6070,6134,6200,6259,6324
29,Tlaxcala,29010,Chiautempan,M29.01,Tlaxcala-Apizaco,72604,73646,74584,75528,76483,77435,78399,79362,80322,81280,82234,83188,84133,85069,86001,86917
29,Tlaxcala,29018,Contla de Juan Cuamatzi,M29.01,Tlaxcala-Apizaco,39014,39535,39988,40426,40847,41267,41674,42074,42471,42863,43252,43634,44018,44398,44777,45163
29,Tlaxcala,29024,Panotla,M29.01,Tlaxcala-Apizaco,27699,27991,28242,28491,28754,29017,29296,29582,29882,30190,30513,30857,31215,31594,31991,32412
29,Tlaxcala,29026,Santa Cruz Tlaxcala,M29.01,Tlaxcala-Apizaco,20147,20583,20980,21357,21719,22062,22382,22677,22957,23210,23439,23643,23810,23954,24063,24142
29,Tlaxcala,29031,Tetla de la Solidaridad,M29.01,Tlaxcala-Apizaco,32357,32948,33469,33960,34429,34866,35278,35661,36017,36343,36638,36904,37136,37331,37502,37629
29,Tlaxcala,29033,Tlaxcala,M29.01,Tlaxcala-Apizaco,98433,99594,100589,101541,102503,103435,104385,105309,106276,107242,108233,109260,110330,111456,112606,113864
29,Tlaxcala,29035,Tocatlán,M29.01,Tlaxcala-Apizaco,6015,6081,6140,6194,6250,6306,6362,6418,6472,6529,6585,6645,6705,6765,6828,6891
29,Tlaxcala,29036,Totolac,M29.01,Tlaxcala-Apizaco,22692,23022,23311,23598,23885,24161,24445,24714,24992,25264,25534,25799,26066,26329,26592,26851
29,Tlaxcala,29038,Tzompantepec,M29.01,Tlaxcala-Apizaco,16482,16956,17387,17801,18193,18563,18910,19222,19507,19759,19970,20139,20271,20356,20384,20366
29,Tlaxcala,29039,Xaloztoc,M29.01,Tlaxcala-Apizaco,24121,24508,24848,25174,25487,25784,26064,26336,26590,26829,27050,27258,27451,27623,27784,27924
29,Tlaxcala,29043,Yauhquemehcan,M29.01,Tlaxcala-Apizaco,37910,38824,39639,40399,41114,41773,42376,42923,43410,43833,44195,44486,44708,44854,44928,44915
29,Tlaxcala,29048,La Magdalena Tlaltelulco,M29.01,Tlaxcala-Apizaco,18815,19086,19323,19549,19761,19967,20166,20361,20544,20722,20895,21061,21225,21381,21535,21682
29,Tlaxcala,29049,San Damián Texóloc,M29.01,Tlaxcala-Apizaco,5647,5729,5802,5874,5948,6022,6099,6175,6252,6328,6414,6493,6579,6663,6752,6842
29,Tlaxcala,29050,San Francisco Tetlanohcan,M29.01,Tlaxcala-Apizaco,11171,11246,11305,11367,11429,11502,11579,11671,11771,11879,12001,12144,12298,12475,12670,12884
29,Tlaxcala,29060,Santa Isabel Xiloxoxtla,M29.01,Tlaxcala-Apizaco,5004,5087,5164,5237,5302,5367,5434,5493,5549,5602,5654,5703,5749,5794,5832,5865
30,Veracruz de Ignacio de la Llave,30003,Acayucan,M30.01,Acayucan,89283,89809,90179,90533,90869,91195,91514,91831,92146,92463,92790,93128,93483,93852,94239,94657
30,Veracruz de Ignacio de la Llave,30116,Oluta,M30.01,Acayucan,16508,16702,16868,17022,17160,17291,17412,17517,17609,17690,17758,17813,17851,17876,17884,17875
30,Veracruz de Ignacio de la Llave,30145,Soconusco,M30.01,Acayucan,15989,16263,16498,16715,16910,17083,17237,17366,17473,17551,17606,17630,17627,17590,17519,17415
30,Veracruz de Ignacio de la Llave,30039,Coatzacoalcos,M30.02,Coatzacoalcos,327016,330163,332655,334969,337117,339108,340936,342618,344163,345571,346846,348001,349029,349939,350731,351407
30,Veracruz de Ignacio de la Llave,30082,Ixhuatlán del Sureste,M30.02,Coatzacoalcos,16022,16158,16258,16353,16441,16524,16595,16659,16723,16775,16826,16867,16911,16938,16964,16986
30,Veracruz de Ignacio de la Llave,30206,Nanchital de Lázaro Cárdenas del Río,M30.02,Coatzacoalcos,30274,30508,30690,30871,31043,31215,31382,31545,31703,31858,32010,32161,32309,32449,32592,32727
30,Veracruz de Ignacio de la Llave,30014,Amatlán de los Reyes,M30.03,Córdoba,45811,46354,46811,47240,47639,48007,48354,48667,48947,49196,49414,49594,49740,49847,49922,49948
30,Veracruz de Ignacio de la Llave,30044,Córdoba,M30.03,Córdoba,219288,221679,223628,225445,227134,228703,230144,231461,232658,233734,234689,235521,236233,236831,237305,237666
30,Veracruz de Ignacio de la Llave,30068,Fortín,M30.03,Córdoba,66088,67179,68103,68954,69728,70428,71042,71575,72024,72386,72653,72825,72902,72877,72746,72506
30,Veracruz de Ignacio de la Llave,30196,Yanga,M30.03,Córdoba,18327,18477,18604,18728,18856,18981,19109,19232,19361,19492,19618,19744,19870,19997,20122,20248
30,Veracruz de Ignacio de la Llave,30048,Cosoleacaque,M30.04,Minatitlán,139209,141059,142531,143815,144911,145830,146568,147137,147542,147781,147868,147790,147569,147193,146662,145989
30,Veracruz de Ignacio de la Llave,30059,Chinameca,M30.04,Minatitlán,16437,16596,16725,16847,16965,17075,17177,17275,17371,17452,17532,17602,17667,17724,17775,17818
30,Veracruz de Ignacio de la Llave,30089,Jáltipan,M30.04,Minatitlán,42478,42794,43048,43307,43564,43828,44089,44357,44629,44899,45169,45450,45725,46008,46293,46580
30,Veracruz de Ignacio de la Llave,30108,Minatitlán,M30.04,Minatitlán,162527,162824,163009,163324,163773,164357,165064,165911,166891,167998,169239,170615,172125,173772,175557,177482
30,Veracruz de Ignacio de la Llave,30120,Oteapan,M30.04,Minatitlán,16112,16355,16564,16754,16925,17084,17217,17334,17427,17499,17548,17577,17574,17551,17493,17415
30,Veracruz de Ignacio de la Llave,30199,Zaragoza,M30.04,Minatitlán,11454,11573,11670,11755,11827,11884,11932,11970,11994,12006,12010,11998,11981,11949,11905,11850
30,Veracruz de Ignacio de la Llave,30022,Atzacan,M30.05,Orizaba,21459,21713,21916,22100,22268,22414,22539,22642,22726,22784,22822,22835,22829,22793,22740,22661
30,Veracruz de Ignacio de la Llave,30030,Camerino Z. Mendoza,M30.05,Orizaba,43954,44198,44368,44537,44703,44880,45049,45234,45415,45618,45824,46047,46287,46551,46830,47139
30,Veracruz de Ignacio de la Llave,30074,Huiloapan de Cuauhtémoc,M30.05,Orizaba,7325,7405,7471,7531,7588,7636,7682,7727,7762,7798,7829,7852,7872,7889,7903,7912
30,Veracruz de Ignacio de la Llave,30081,Ixhuatlancillo,M30.05,Orizaba,24483,25197,25826,26400,26909,27351,27721,28013,28233,28366,28411,28362,28216,27969,27626,27163
30,Veracruz de Ignacio de la Llave,30085,Ixtaczoquitlán,M30.05,Orizaba,70287,70914,71394,71824,72210,72556,72856,73122,73348,73546,73712,73848,73961,74048,74115,74165
30,Veracruz de Ignacio de la Llave,30099,Maltrata,M30.05,Orizaba,18026,18240,18417,18571,18717,18845,18954,19051,19129,19193,19235,19262,19264,19253,19219,19163
30,Veracruz de Ignacio de la Llave,30101,Mariano Escobedo,M30.05,Orizaba,37030,37453,37776,38060,38302,38503,38665,38785,38869,38914,38921,38890,38822,38718,38579,38399
30,Veracruz de Ignacio de la Llave,30115,Nogales,M30.05,Orizaba,38065,38490,38839,39167,39481,39768,40043,40296,40529,40737,40922,41088,41228,41347,41441,41509
30,Veracruz de Ignacio de la Llave,30118,Orizaba,M30.05,Orizaba,130966,131762,132376,133022,133701,134420,135192,136007,136882,137818,138819,139889,141040,142271,143590,145009
30,Veracruz de Ignacio de la Llave,30135,Rafael Delgado,M30.05,Orizaba,22623,23092,23488,23848,24166,24439,24667,24843,24966,25038,25047,25007,24899,24734,24502,24200
30,Veracruz de Ignacio de la Llave,30138,Río Blanco,M30.05,Orizaba,43696,43908,44058,44216,44385,44568,44767,44981,45218,45472,45754,46057,46389,46756,47157,47597
30,Veracruz de Ignacio de la Llave,30140,San Andrés Tenejapan,M30.05,Orizaba,2930,2974,3011,3046,3070,3097,3116,3129,3138,3142,3147,3140,3130,3116,3096,3067
30,Veracruz de Ignacio de la Llave,30185,Tlilapan,M30.05,Orizaba,5299,5374,5436,5491,5542,5584,5617,5644,5666,5675,5676,5676,5664,5643,5612,5573
30,Veracruz de Ignacio de la Llave,30033,Cazones de Herrera,M30.06,Poza Rica,24612,24691,24747,24805,24880,24958,25047,25150,25264,25392,25534,25690,25861,26049,26253,26475
30,Veracruz de Ignacio de la Llave,30040,Coatzintla,M30.06,Poza Rica,55473,56540,57475,58343,59142,59863,60510,61064,61531,61901,62171,62338,62388,62324,62134,61823
30,Veracruz de Ignacio de la Llave,30124,Papantla,M30.06,Poza Rica,166826,166801,166597,166465,166423,166496,166691,167023,167511,168168,169005,170041,171290,172763,174477,176447
30,Veracruz de Ignacio de la Llave,30131,Poza Rica de Hidalgo,M30.06,Poza Rica,207202,209764,211925,213981,215932,217773,219503,221115,222611,223985,225232,226349,227330,228182,228902,229480
30,Veracruz de Ignacio de la Llave,30175,Tihuatlán,M30.06,Poza Rica,96693,97744,98621,99455,100234,100967,101652,102282,102857,103365,103817,104200,104511,104748,104910,104987
30,Veracruz de Ignacio de la Llave,30011,Alvarado,M30.07,Veracruz,54962,55347,55660,55977,56301,56635,56987,57344,57723,58110,58514,58936,59375,59835,60313,60814
30,Veracruz de Ignacio de la Llave,30028,Boca del Río,M30.07,Veracruz,149567,150308,150856,151452,152102,152810,153584,154434,155366,156381,157494,158706,160022,161453,163004,164684
30,Veracruz de Ignacio de la Llave,30090,Jamapa,M30.07,Veracruz,11476,11595,11696,11789,11880,11971,12058,12137,12216,12292,12359,12424,12489,12544,12597,12642
30,Veracruz de Ignacio de la Llave,30100,Manlio Fabio Altamirano,M30.07,Veracruz,23976,24190,24360,24527,24688,24849,25006,25163,25313,25463,25610,25759,25905,26046,26186,26322
30,Veracruz de Ignacio de la Llave,30105,Medellín de Bravo,M30.07,Veracruz,72751,75271,77545,79652,81576,83280,84763,85987,86942,87612,87959,87986,87656,86958,85870,84374
30,Veracruz de Ignacio de la Llave,30193,Veracruz,M30.07,Veracruz,597667,605306,611446,617130,622274,626918,631173,634931,638258,641154,643634,645641,647297,648602,649557,650087
30,Veracruz de Ignacio de la Llave,30026,Banderilla,M30.08,Xalapa,23823,24013,24182,24347,24521,24692,24865,25026,25190,25352,25501,25645,25775,25895,26002,26088
30,Veracruz de Ignacio de la Llave,30036,Coacoatzintla,M30.08,Xalapa,10324,10489,10634,10757,10871,10965,11047,11112,11155,11180,11188,11178,11144,11093,11019,10925
30,Veracruz de Ignacio de la Llave,30038,Coatepec,M30.08,Xalapa,93922,94954,95787,96564,97284,97949,98562,99124,99631,100081,100481,100828,101132,101381,101584,101738
30,Veracruz de Ignacio de la Llave,30065,Emiliano Zapata,M30.08,Xalapa,75611,77681,79521,81236,82800,84197,85419,86445,87272,87876,88243,88359,88221,87799,87084,86065
30,Veracruz de Ignacio de la Llave,30087,Xalapa,M30.08,Xalapa,493336,498696,502932,506785,510288,513443,516265,518784,521011,522950,524629,526060,527259,528241,529021,529612
30,Veracruz de Ignacio de la Llave,30092,Xico,M30.08,Xalapa,38387,38901,39335,39729,40086,40406,40683,40923,41124,41275,41381,41441,41458,41428,41344,41219
30,Veracruz de Ignacio de la Llave,30093,Jilotepec,M30.08,Xalapa,16675,16903,17087,17260,17422,17572,17705,17823,17926,18012,18080,18134,18164,18179,18172,18149
30,Veracruz de Ignacio de la Llave,30136,Rafael Lucio,M30.08,Xalapa,7863,8027,8170,8297,8407,8510,8596,8664,8710,8747,8761,8757,8727,8681,8611,8522
30,Veracruz de Ignacio de la Llave,30182,Tlalnelhuayocan,M30.08,Xalapa,18340,18715,19031,19309,19556,19767,19938,20068,20157,20205,20208,20167,20081,19945,19760,19521
31,Yucatán,31002,Acanceh,M31.01,Mérida,16472,16661,16845,17029,17213,17390,17569,17746,17920,18094,18262,18430,18593,18759,18916,19077
31,Yucatán,31013,Conkal,M31.01,Mérida,10824,11052,11271,11485,11693,11891,12079,12254,12421,12572,12710,12830,12936,13018,13087,13135
31,Yucatán,31038,Hunucmá,M31.01,Mérida,32944,33347,33739,34121,34493,34856,35208,35552,35886,36209,36520,36825,37112,37387,37653,37903
31,Yucatán,31041,Kanasín,M31.01,Mérida,93997,97410,100620,103630,106403,108918,111150,113061,114630,115828,116627,117003,116930,116383,115322,113741
31,Yucatán,31050,Mérida,M31.01,Mérida,907630,919110,930469,941675,952803,963861,974802,985731,996586,1007445,1018292,1029135,1040006,1050921,1061840,1072828
31,Yucatán,31063,Samahil,M31.01,Mérida,5292,5341,5391,5437,5488,5540,5589,5645,5696,5750,5806,5858,5913,5972,6031,6092
31,Yucatán,31090,Timucuy,M31.01,Mérida,7434,7530,7619,7706,7791,7877,7957,8037,8113,8185,8254,8325,8387,8451,8510,8561
31,Yucatán,31093,Tixkokob,M31.01,Mérida,18376,18560,18750,18941,19134,19340,19544,19758,19979,20200,20435,20675,20921,21173,21434,21702
31,Yucatán,31095,Tixpéhual,M31.01,Mérida,5656,5706,5758,5810,5869,5922,5983,6046,6116,6184,6260,6335,6415,6499,6592,6687
31,Yucatán,31100,Ucú,M31.01,Mérida,3720,3771,3818,3868,3915,3963,4010,4051,4097,4141,4178,4221,4259,4295,4328,4360
31,Yucatán,31101,Umán,M31.01,Mérida,56590,56895,57191,57495,57810,58139,58491,58861,59257,59688,60150,60655,61200,61794,62438,63138
32,Zacatecas,32017,Guadalupe,M32.01,Zacatecas-Guadalupe,182237,186459,190214,193665,196787,199581,202014,204086,205755,207010,207849,208236,208156,207587,206509,204894
32,Zacatecas,32032,Morelos,M32.01,Zacatecas-Guadalupe,12532,12678,12803,12915,13022,13120,13216,13307,13386,13462,13532,13594,13652,13706,13754,13802
32,Zacatecas,32050,Vetagrande,M32.01,Zacatecas-Guadalupe,9968,10108,10230,10339,10442,10536,10623,10699,10766,10826,10871,10907,10936,10952,10958,10948
32,Zacatecas,32056,Zacatecas,M32.01,Zacatecas-Guadalupe,150381,151621,152663,153655,154610,155533,156434,157320,158198,159073,159955,160847,161757,162699,163668,164686
32,Zacatecas,32057,Trancoso,M32.01,Zacatecas-Guadalupe,19211,19486,19716,19925,20112,20285,20440,20579,20703,20808,20914,21003,21085,21158,21225,21284
